date,cases,cases_avg7_pc,deaths,deaths_avg7_pc
2020-01-21,1,NA,0,NA
2020-01-22,1,NA,0,NA
2020-01-23,1,NA,0,NA
2020-01-24,2,NA,0,NA
2020-01-25,3,NA,0,NA
2020-01-26,5,NA,0,NA
2020-01-27,5,NA,0,NA
2020-01-28,5,1.733043408400006e-6,0,0
2020-01-29,5,1.733043408400006e-6,0,0
2020-01-30,6,2.166304260500008e-6,0,0
2020-01-31,7,2.166304260500008e-6,0,0
2020-02-01,8,2.166304260500008e-6,0,0
2020-02-02,11,2.599565112600009e-6,0,0
2020-02-03,11,2.599565112600009e-6,0,0
2020-02-04,11,2.599565112600009e-6,0,0
2020-02-05,12,3.0328259647000102e-6,0,0
2020-02-06,12,2.599565112600009e-6,0,0
2020-02-07,12,2.1663042605000075e-6,0,0
2020-02-08,12,1.733043408400006e-6,0,0
2020-02-09,12,4.332608521000016e-7,0,0
2020-02-10,13,8.66521704200003e-7,0,0
2020-02-11,13,8.66521704200003e-7,0,0
2020-02-12,14,8.66521704200003e-7,0,0
2020-02-13,15,1.2997825563000043e-6,0,0
2020-02-14,15,1.2997825563000043e-6,0,0
2020-02-15,15,1.2997825563000043e-6,0,0
2020-02-16,15,1.2997825563000043e-6,0,0
2020-02-17,25,5.199130225200019e-6,0,0
2020-02-18,25,5.199130225200019e-6,0,0
2020-02-19,25,4.765869373100016e-6,0,0
2020-02-20,27,5.199130225200019e-6,0,0
2020-02-21,30,6.4989127815000224e-6,0,0
2020-02-22,30,6.4989127815000224e-6,0,0
2020-02-23,30,6.4989127815000224e-6,0,0
2020-02-24,43,7.798695337800028e-6,0,0
2020-02-25,45,8.665217042000032e-6,0,0
2020-02-26,60,1.5164129823500051e-5,0,0
2020-02-27,60,1.4297608119300053e-5,0,0
2020-02-28,65,1.5164129823500051e-5,0,0
2020-02-29,70,1.7330434084000063e-5,1,4.332608521000016e-7
2020-03-01,88,2.5129129421800092e-5,3,1.2997825563000043e-6
2020-03-02,104,2.642891197810009e-5,6,2.599565112600009e-6
2020-03-03,125,3.4660868168000126e-5,10,4.332608521000015e-6
2020-03-04,161,4.3759346062100145e-5,12,5.199130225200018e-6
2020-03-05,228,7.278782315280026e-5,12,5.199130225200018e-6
2020-03-06,311,1.065821696166004e-4,15,6.4989127815000224e-6
2020-03-07,428,1.551073850518005e-4,19,7.798695337800028e-6
2020-03-08,547,1.988667311139007e-4,22,8.231956189900028e-6
2020-03-09,748,2.7901998875240095e-4,26,8.665217042000032e-6
2020-03-10,1018,3.8690194092530137e-4,31,9.098477894100032e-6
2020-03-11,1263,4.774534590142016e-4,37,1.0831521302500038e-5
2020-03-12,1668,6.238956270240021e-4,43,1.3431086415100049e-5
2020-03-13,2221,8.275282275110028e-4,50,1.5164129823500051e-5
2020-03-14,2893,0.0010679880004265,60,1.7763694936100062e-5
2020-03-15,3591,0.0013188460337924,68,1.992999919660007e-5
2020-03-16,4497,0.0016242949345229,91,2.81619553865001e-5
2020-03-17,5896,0.0021134464365438,117,3.726043328060013e-5
2020-03-18,8334,0.00306358748519911,162,5.415760651250019e-5
2020-03-19,12372,0.00463762416087841,212,7.322108400490025e-5
2020-03-20,17978,0.00682689124653972,277,9.835021342670036e-5
2020-03-21,24486,0.00935540157939533,359,1.2954499477790045e-4
2020-03-22,33006,0.01274436796452154,456,1.681052106148006e-4
2020-03-23,43428,0.01686727823310515,576,2.1013151326850077e-4
2020-03-24,53850,0.02077659090160347,782,2.88118466646501e-4
2020-03-25,68472,0.02605544112358989,1051,3.8516889751690137e-4
2020-03-26,85440,0.03165750394124291,1350,4.930508496898017e-4
2020-03-27,102749,0.03672795569336922,1761,6.429591045164022e-4
2020-03-28,123788,0.04302366913523434,2288,8.357601837009029e-4
2020-03-29,142276,0.04734241330896716,2701,9.726706129645034e-4
2020-03-30,163689,0.05210438333439828,3347,0.0012005658211691
2020-03-31,188051,0.05814403961267229,4279,0.0015151131997937
2020-04-01,214922,0.06345105179004522,5310,0.0018452579690939
2020-04-02,244595,0.06895563091597574,6525,0.0022421249096175
2020-04-03,276848,0.07543028108975816,7912,0.0026649875012671
2020-04-04,311800,0.08145823932502547,9465,0.00310951313552171
2020-04-05,337351,0.08451836072340779,10831,0.00352241072757301
2020-04-06,368226,0.08861787490597801,12355,0.00390281375571681
2020-04-07,398494,0.0911767134984806,14586,0.00446561960259471
2020-04-08,430128,0.09324033493703292,16670,0.00492184327985601
2020-04-09,464627,0.09533125180926756,18781,0.00531004500333761
2020-04-10,498022,0.09582603570236574,21038,0.00568698194466462
2020-04-11,529575,0.09435338206607782,23118,0.00591531041372132
2020-04-12,556574,0.09498074377991862,24797,0.00605092106042862
2020-04-13,582334,0.09276461452142712,26559,0.00615403714322842
2020-04-14,609001,0.09120444219301502,29264,0.00635940278712382
2020-04-15,638954,0.09047613070063493,32010,0.00664622147121402
2020-04-16,670458,0.08917851444859541,34353,0.00674673798890122
2020-04-17,701933,0.08834665361256341,36639,0.00675930255361212
2020-04-18,730272,0.08695415323391399,38588,0.00670254538198702
2020-04-19,755508,0.0861903143516617,40127,0.00664188886269302
2020-04-20,782860,0.08688006562820491,41963,0.00667395016574842
2020-04-21,808670,0.0865087610779552,44634,0.00665921929677702
2020-04-22,837442,0.08599708001162511,47002,0.00649544669468322
2020-04-23,870835,0.086815509761242,49148,0.00641009430681952
2020-04-24,907511,0.0890688994530141,51272,0.00633990604877932
2020-04-25,941886,0.09168406195628973,53232,0.00634467191815242
2020-04-26,968555,0.092304924757349,54484,0.00622032605359972
2020-04-27,991619,0.0904471022235442,55926,0.00604962127787232
2020-04-28,1016256,0.08993888724403092,58318,0.00592874150013642
2020-04-29,1042742,0.08894845293613031,60832,0.00599199758454302
2020-04-30,1073026,0.0876014449469514,63036,0.00601712671396482
2020-05-01,1106960,0.0864134436904932,64796,0.00585941976380042
2020-05-02,1136250,0.08421031225756469,66378,0.00569564716170662
2020-05-03,1162338,0.08395858770249459,67707,0.00572900824731831
2020-05-04,1184231,0.08345123924468549,68796,0.00557606716652702
2020-05-05,1207891,0.08302794339218379,71028,0.00550674543019101
2020-05-06,1232352,0.08215059016668129,73736,0.00559079803549841
2020-05-07,1260763,0.08133909259069798,75691,0.00548291608332551
2020-05-08,1288283,0.07856015748532857,77261,0.00540059652142651
2020-05-09,1313133,0.07663647930200457,78714,0.00534470587150561
2020-05-10,1333425,0.07412529940323295,79642,0.00517096826981351
2020-05-11,1350985,0.07224798013108365,80621,0.00512330957608251
2020-05-12,1373241,0.07163968189473525,82272,0.00487158502101241
2020-05-13,1394356,0.07018999108360864,84039,0.00446388655918631
2020-05-14,1421220,0.06951973654540995,85775,0.00436900243257641
2020-05-15,1447340,0.06891317135246994,87363,0.00437680112791421
2020-05-16,1470950,0.06837592789586593,88588,0.00427801765363541
2020-05-17,1489907,0.06779752465831243,89431,0.00424119048120691
2020-05-18,1511670,0.06961852001968874,90270,0.00418053396191291
2020-05-19,1532552,0.06902321960890334,91790,0.00412377679028781
2020-05-20,1555550,0.06983904979340765,93272,0.00400029744743931
2020-05-21,1581235,0.06932823524878175,94582,0.00381572832444471
2020-05-22,1604917,0.06827194529136194,95870,0.00368575006881471
2020-05-23,1627115,0.06766018096819675,96919,0.00360949615884511
2020-05-24,1647056,0.06808650964666313,97539,0.00351287898882681
2020-05-25,1666085,0.06690197447702173,98047,0.00336946964678171
2020-05-26,1684913,0.06601205668680833,98794,0.00303455900810841
2020-05-27,1703583,0.06413690371891952,100279,0.00303585879066471
2020-05-28,1726005,0.06272317355851723,101477,0.00298733357522951
2020-05-29,1750392,0.06302862245924773,102666,0.00294444075087161
2020-05-30,1773717,0.06351690743956442,103628,0.00290674705673891
2020-05-31,1794290,0.06379072829809163,104229,0.00289851510054901
2020-06-01,1816090,0.06499129411926073,104963,0.00299643205312361
2020-06-02,1836816,0.06581362321654653,106043,0.00314070791687291
2020-06-03,1856713,0.06634523428207324,107030,0.00292494401252711
2020-06-04,1877840,0.06578416147860373,108038,0.00284262445062811
2020-06-05,1906437,0.06760818966594474,109149,0.0028088301041643
2020-06-06,1928658,0.06712986968522634,109876,0.0027070138039208
2020-06-07,1947203,0.06625121667716753,110266,0.0026155957641277
2020-06-08,1965347,0.06466721500188993,110988,0.0026103966339025
2020-06-09,1984010,0.06377339786400762,112018,0.0025887335912975
2020-06-10,2006718,0.06499129411926073,112946,0.0025631712010236
2020-06-11,2029894,0.06587904560521363,113822,0.0025059807685464
2020-06-12,2055202,0.06445405066265673,114599,0.002361271643945
2020-06-13,2080381,0.06573563626316853,115291,0.0023461075141215
2020-06-14,2099389,0.06593623603769083,115607,0.0023140462110661
2020-06-15,2119426,0.06675639883071613,116055,0.0021953327375907
2020-06-16,2144250,0.06942571894050426,116824,0.0020822516551926
2020-06-17,2169851,0.07067914258562955,117577,0.0020064310060751
2020-06-18,2197796,0.07274536358929445,118303,0.0019414418782601
2020-06-19,2228541,0.07510100284216216,119010,0.0019111136186131
2020-06-20,2260274,0.07794059446682557,119556,0.0018478575342065
2020-06-21,2286591,0.08110729803482448,119811,0.0018214286222284
2020-06-22,2317018,0.08560887828814351,120171,0.0017833016672436
2020-06-23,2351952,0.08998914550287451,121004,0.001811030361778
2020-06-24,2388798,0.09486116378473904,121771,0.0018170960137074
2020-06-25,2429899,0.10056114355496663,124235,0.0025701033746572
2020-06-26,2475379,0.10694524221066017,124868,0.0025380420716018
2020-06-27,2517534,0.1114606868112464,125378,0.0025224446809262
2020-06-28,2556919,0.11712253962648922,125648,0.0025289435937077
2020-06-29,2596344,0.121021020773685,125995,0.0025233112026304
2020-06-30,2644508,0.12675306184696805,127295,0.0027256440205611
2020-07-01,2694397,0.13240408314090835,127937,0.0026714864140486
2020-07-02,2749870,0.1386309081072896,128660,0.0019171792705425
2020-07-03,2806929,0.1436476355137555,129250,0.0018985490539022
2020-07-04,2856828,0.14700280755241793,129510,0.0017902338408772
2020-07-05,2901466,0.1492787268084992,129772,0.0017867677540604
2020-07-06,2948096,0.15240037124787972,130163,0.0018058312315528
2020-07-07,3002043,0.15490591875557402,131119,0.0016567894984304
2020-07-08,3061441,0.15902579619819296,132065,0.0017885007974688
2020-07-09,3121202,0.16088361873199775,132906,0.0018396255780166
2020-07-10,3189139,0.16559663028114158,133734,0.0019427416608164
2020-07-11,3249613,0.17017836379209908,134401,0.0021190788276211
2020-07-12,3307105,0.17574749878499252,134796,0.0021767025209504
2020-07-13,3368305,0.18206010940008951,135221,0.0021914333899218
2020-07-14,3433765,0.18704824159031683,136173,0.0021897003465134
2020-07-15,3501844,0.19080937904739695,137142,0.0021996653461117
2020-07-16,3577320,0.1976180733381485,138099,0.0022499236049553
2020-07-17,3647677,0.1986665646002305,138995,0.0022793853428981
2020-07-18,3709780,0.19937234652830135,139769,0.0023257442540728
2020-07-19,3771445,0.20118034406411467,140181,0.0023331096885585
2020-07-20,3830920,0.2004329690942422,140710,0.0023781688171769
2020-07-21,3895709,0.2001422510624831,141837,0.0024539894662944
2020-07-22,3965319,0.20080557342704825,142967,0.0025237444634825
2020-07-23,4034882,0.1982437020085809,144080,0.0025913331564101
2020-07-24,4107898,0.1993957426143148,145223,0.0026983485868788
2020-07-25,4174099,0.2011712455862206,146097,0.00274167467208881
2020-07-26,4227704,0.1976791631182946,146537,0.0027538059759476
2020-07-27,4286574,0.19741704030277407,148233,0.00325942139034831
2020-07-28,4349278,0.1965136914261456,149552,0.00334260747395151
2020-07-29,4415827,0.19518747995786748,150945,0.00345655507805381
2020-07-30,4484259,0.19469746193414236,152203,0.00351937790160831
2020-07-31,4553115,0.1928950967894064,153627,0.00364112420104841
2020-08-01,4608832,0.18835279001598995,154676,0.00371694485016591
2020-08-02,4659086,0.18690093290060283,155091,0.00370611332886341
2020-08-03,4706162,0.1817910544109354,155699,0.00323472552177861
2020-08-04,4759147,0.1775801921893755,157048,0.00324772334734161
2020-08-05,4812491,0.171858982637395,158291,0.00318273421952661
2020-08-06,4869692,0.16699303000745988,159350,0.00309651530995871
2020-08-07,4930077,0.16332287732932077,160699,0.00306402074605121
2020-08-08,4984577,0.16279559887231507,161656,0.00302416074765801
2020-08-09,5032341,0.1617167793505861,162190,0.00307571878905791
2020-08-10,5078778,0.16143992566609416,162727,0.00304495726855881
2020-08-11,5131474,0.16131471327983726,164170,0.00308568378865621
2020-08-12,5185066,0.16142216197115808,165640,0.00318403400208291
2020-08-13,5238662,0.15986025659933756,166842,0.00324599030393321
2020-08-14,5297401,0.15914710923678096,168007,0.00316627030714681
2020-08-15,5347577,0.15727368931230054,169054,0.00320526378383581
2020-08-16,5389396,0.15469795354656604,169563,0.00319443226253331
2020-08-17,5426087,0.15047539328199944,170097,0.00319313247997701
2020-08-18,5468311,0.1459382856388082,171435,0.00314764009050651
2020-08-19,5511049,0.1412356723501148,172720,0.00306748683286801
2020-08-20,5556736,0.13780901227085587,173750,0.00299296596630681
2020-08-21,5604895,0.13322511245563784,174904,0.00298820009693371
2020-08-22,5649190,0.13067710538443775,175847,0.00294314096831531
2020-08-23,5681180,0.12641858446914686,176283,0.00291151292611201
2020-08-24,5720708,0.12764774550655453,176785,0.00289764857884481
2020-08-25,5759628,0.12621625165121614,177991,0.00284045814636761
2020-08-26,5804615,0.12719065530758905,179173,0.00279583227860131
2020-08-27,5849655,0.12691033553628034,180291,0.00283395923358611
2020-08-28,5895559,0.12593333231479484,181288,0.0027659372798064
2020-08-29,5939550,0.12580162101575643,182155,0.0027330094550468
2020-08-30,5972676,0.12629380534374204,182523,0.002703547717104
2020-08-31,6008699,0.12477522605713152,183010,0.0026970488043225
2020-09-01,6052469,0.12687654118981653,184097,0.0026454907629226
2020-09-02,6084283,0.1211691959851032,185165,0.0025960990257832
2020-09-03,6130413,0.12164145031389224,186237,0.0025761690265866
2020-09-04,6182412,0.12428217520744174,187209,0.0025653375052841
2020-09-05,6224344,0.12339009111296784,187911,0.0024938494646876
2020-09-06,6254339,0.12203355138504272,188307,0.0025059807685464
2020-09-07,6278653,0.1169605000678038,188568,0.0024080638159718
2020-09-08,6307371,0.11043905772199458,189019,0.0021325099140362
2020-09-09,6340649,0.111073351609469,190175,0.002170636869021
2020-09-10,6377846,0.10720303241765967,191077,0.002096982524164
2020-09-11,6425094,0.10514461010933256,192291,0.0022018316503722
2020-09-12,6463667,0.10368928690712866,192979,0.0021957659984428
2020-09-13,6496722,0.10501506511455463,193374,0.0021953327375907
2020-09-14,6533173,0.11027355207649238,193818,0.002274619473525
2020-09-15,6571918,0.1146178586404991,195088,0.0026294601113949
2020-09-16,6611027,0.1171442026690942,196066,0.0025523396797211
2020-09-17,6655715,0.12038975971217532,196895,0.0025207116375178
2020-09-18,6703737,0.12072510361170072,197830,0.0023998318597819
2020-09-19,6744233,0.12155826423028904,198493,0.0023890003384794
2020-09-20,6779732,0.12261715375282142,198703,0.0023088470808409
2020-09-21,6833972,0.13032443105082836,199131,0.0023019149072073
2020-09-22,6871191,0.12966327499052377,200066,0.0021567725217538
2020-09-23,6912619,0.13066800690654365,201152,0.0022035646937806
2020-09-24,6956613,0.13036732387518626,202026,0.0022230614321251
2020-09-25,7010102,0.13273596095361695,202870,0.002183634694584
2020-09-26,7052268,0.13345950657662395,203632,0.0022265275189419
2020-09-27,7088675,0.13385290743033076,203897,0.0022503568658074
2020-09-28,7124916,0.12605464535338284,204242,0.0022143962150831
2020-09-29,7167411,0.12834052960906245,205154,0.0022044312154848
2020-09-30,7209135,0.12846877482128405,206119,0.0021520066523807
2020-10-01,7255171,0.12935349348127226,206962,0.0021385755659656
2020-10-02,7308004,0.12906927436229465,207818,0.0021437746961908
2020-10-03,7355072,0.13119311905928885,208518,0.0021169125233606
2020-10-04,7389914,0.13051506582575234,208845,0.0021437746961908
2020-10-05,7451564,0.14152379081676128,209262,0.002174969477542
2020-10-06,7493930,0.14146790016684038,209982,0.0020917833939388
2020-10-07,7546865,0.1463251875797335,210967,0.0021004486109808
2020-10-08,7602653,0.15055034740941273,211884,0.0021325099140362
2020-10-09,7660962,0.1529228838355123,212794,0.0021559060000496
2020-10-10,7712068,0.15467239115629214,213377,0.0021052144803539
2020-10-11,7756522,0.15883689446667737,213793,0.0021437746961908
2020-10-12,7803883,0.15264603015102046,214139,0.0021130131756917
2020-10-13,7857871,0.15768138777412666,214961,0.0021572057826059
2020-10-14,7916673,0.16022332919339735,215966,0.0021658709996479
2020-10-15,7981367,0.16408195034219997,216757,0.0021112801322833
2020-10-16,8051393,0.1691584677462557,217631,0.0020956827416077
2020-10-17,8103904,0.16976719924345618,218306,0.0021355427400009
2020-10-18,8151143,0.1709738307165547,218688,0.0021208118710295
2020-10-19,8215708,0.17842765041608313,219200,0.0021927331724781
2020-10-20,8275475,0.180931464880369,220128,0.0022386588228007
2020-10-21,8339443,0.18316969044231765,221329,0.0023235779498123
2020-10-22,8414272,0.18756078917835112,222147,0.002335275992819
2020-10-23,8497534,0.19329542981674677,223069,0.0023560725137198
2020-10-24,8575783,0.2044466976280966,223936,0.002439258597323
2020-10-25,8634234,0.20930441830184185,224268,0.002417595554718
2020-10-26,8708114,0.21334024313915337,224798,0.0024253942500558
2020-10-27,8782054,0.21948084919596664,225777,0.0024474905535129
2020-10-28,8863796,0.22718162758119212,226789,0.002365604252466
2020-10-29,8953171,0.2334838399358387,227790,0.0024448909884003
2020-10-30,9052006,0.240231011185592,228751,0.0024617881616322
2020-10-31,9135761,0.2426165454372547,229587,0.0024483570752171
2020-11-01,9209410,0.2492012438674705,230005,0.0024856175084977
2020-11-02,9301902,0.2572650948467557,230538,0.002486917291054
2020-11-03,9393419,0.26488052084411745,231663,0.0025501733754606
2020-11-04,9501326,0.276216791039314,233267,0.00280666379990381
2020-11-05,9622178,0.28985454288086565,234370,0.00285085640681801
2020-11-06,9753821,0.30406896491656255,235606,0.00297000314114551
2020-11-07,9878724,0.32189678245877346,236613,0.00304409074685461
2020-11-08,9981954,0.3347130717247435,237067,0.00305968813753021
2020-11-09,10111524,0.3507775175989074,237800,0.00314634030795021
2020-11-10,10250810,0.3714739552428723,239256,0.00328974964999531
2020-11-11,10393323,0.38646738029064504,240675,0.00320959639235681
2020-11-12,10555547,0.40439224826372633,241839,0.00323602530433491
2020-11-13,10736289,0.4256649228409843,243223,0.00330014791044571
2020-11-14,10894661,0.4401657302999192,244426,0.00338506703745731
2020-11-15,11029140,0.45370469866719215,245035,0.00345222246953281
2020-11-16,11194913,0.4693900412957685,245818,0.00347388551213781
2020-11-17,11355899,0.47879180178633857,247414,0.00353454203143181
2020-11-18,11527729,0.4914937101873543,249318,0.00374467354470031
2020-11-19,11714640,0.5021896208431471,251267,0.00408478331359881
2020-11-20,11912546,0.5096261101085915,253213,0.00432827591247901
2020-11-21,12083371,0.5150215074997928,254617,0.00441536134375111
2020-11-22,12223029,0.5172653654528186,255452,0.00451327829632571
2020-11-23,12401855,0.5229207193552801,256475,0.00461726090082971
2020-11-24,12579298,0.5300508931982898,258677,0.00487981697720231
2020-11-25,12759661,0.5337479080492591,260974,0.00505008849207761
2020-11-26,12862111,0.4971542632200409,262133,0.00470781241891861
2020-11-27,13066478,0.49995356158545895,263537,0.00447298503708041
2020-11-28,13216950,0.49113540346266754,264722,0.00437810091047051
2020-11-29,13352911,0.4895336380924538,265529,0.00436596960661171
2020-11-30,13519690,0.4843141446072052,266787,0.00446778590685521
2020-12-01,13703100,0.4868994121116859,269379,0.00463675763917421
2020-12-02,13903814,0.49571670371277304,272243,0.00488241654231491
2020-12-03,14121133,0.5454849445326481,275088,0.00561289433895552
2020-12-04,14351968,0.556952492766031,277707,0.00613930627425702
2020-12-05,14556723,0.5804711916005754,279885,0.00656953430039232
2020-12-06,14727478,0.5955460696885427,280989,0.00669821277346602
2020-12-07,14930996,0.6114636401338447,282512,0.00681302689927252
2020-12-08,15149976,0.6268747286430417,285330,0.00691094385184712
2020-12-09,15369013,0.6348133672360702,288472,0.00703139036873092
2020-12-10,15594191,0.6382183642727239,291392,0.00706388493263842
2020-12-11,15872578,0.6588207843117834,294336,0.00720469470957092
2020-12-12,16079378,0.6597068027543279,296572,0.00722982383899272
2020-12-13,16262873,0.6652265460100819,297922,0.00733640600860932
2020-12-14,16463157,0.6638253804143904,299589,0.00739879557131172
2020-12-15,16665843,0.6567658280902731,302602,0.00748328143747122
2020-12-16,16910384,0.6678157128622314,306195,0.00767868208176832
2020-12-17,17146963,0.6727553198370235,309482,0.00783768881448902
2020-12-18,17396738,0.6603588603367384,312342,0.00780129490291262
2020-12-19,17589549,0.6542979742767113,314894,0.00793820533217622
2020-12-20,17768223,0.6522092237087372,316297,0.00796116815733752
2020-12-21,17969315,0.652559298477234,318245,0.00808291445677762
2020-12-22,18169876,0.6516386191665215,321475,0.00817693206168332
2020-12-23,18397045,0.6441120116438404,324870,0.00809114641296752
2020-12-24,18590164,0.6252824950115743,327678,0.00788361446481162
2020-12-25,18690465,0.5605212624047787,328798,0.00712974058215762
2020-12-26,18906302,0.5704975267852332,330444,0.00673720625015502
2020-12-27,19057606,0.5586391772632563,331661,0.00665661973166442
2020-12-28,19246174,0.5532130183515558,333549,0.00663062408053842
2020-12-29,19445060,0.5524873064242883,337173,0.00680132885626582
2020-12-30,19673865,0.553196121178324,340957,0.00696986732773272
2020-12-31,19904456,0.5694312718282152,344399,0.00724455470796412
2021-01-01,20050927,0.5894349253696722,346301,0.00758336469430632
2021-01-02,20341653,0.6218813973225893,348668,0.00789574576867042
2021-01-03,20543195,0.6436475560103891,350000,0.00794557076666192
2021-01-04,20794372,0.6707735846995181,352039,0.00801099315532902
2021-01-05,21028861,0.6861989708168345,355721,0.00803612228475082
2021-01-06,21284511,0.6978298583914591,359677,0.00811064315131202
2021-01-07,21564550,0.7192537410060998,363772,0.00839356248773333
2021-01-08,21863145,0.7851631148709605,367662,0.00925488506170813
2021-01-09,22114496,0.768103468819523,370897,0.00963095548133093
2021-01-10,22322294,0.7708139487102607,372660,0.00981769090858603
2021-01-11,22548250,0.7598866767594464,374696,0.00981639112602973
2021-01-12,22777135,0.7574586829442781,379098,0.01012833893954173
2021-01-13,23006233,0.7459547407993188,383014,0.01011100850545773
2021-01-14,23245565,0.7283179912928841,386974,0.01005251829042423
2021-01-15,23484263,0.7023669660346502,390709,0.00998536285834873
2021-01-16,23685880,0.6808191708163088,394038,0.01002608937844613
2021-01-17,23855019,0.6640697395349748,395767,0.01001135850947473
2021-01-18,23995593,0.6270770614609724,397207,0.00975313504162313
2021-01-19,24182049,0.6086942367672215,399978,0.00904648659184803
2021-01-20,24367375,0.5897295427491002,404344,0.00924145397529303
2021-01-21,24557629,0.5684659666497364,408464,0.00931077571162903
2021-01-22,24748605,0.5477898922658201,412166,0.00929647810350973
2021-01-23,24915711,0.532837626998997,415478,0.00928911266902403
2021-01-24,25044432,0.5153260898788191,417291,0.00932550658060043
2021-01-25,25200424,0.5220061056964969,419192,0.00952523983341853
2021-01-26,25350552,0.506266605461408,423285,0.01009801067989473
2021-01-27,25506145,0.4933844605459187,427376,0.00997886394556723
2021-01-28,25672008,0.4828167951023476,431237,0.00986664938487333
2021-01-29,25836175,0.4712015049183987,434826,0.00981769090858603
2021-01-30,25969530,0.4565785178991715,437456,0.00952220700745383
2021-01-31,26083351,0.4501229312028815,439314,0.00954170374579833
2021-02-01,26224302,0.4436062547264453,441257,0.00955990070158653
2021-02-02,26339261,0.4283689038189405,444858,0.00934673636235333
2021-02-03,26459296,0.4129630144399686,448694,0.00923625484506783
2021-02-04,26584596,0.39538865449623617,453803,0.00977696438848863
2021-02-05,26713994,0.3803246079295712,457367,0.00976613286718613
2021-02-06,26818643,0.3678874219091886,460024,0.00977783091019283
2021-02-07,26905417,0.35616901564243986,461314,0.00953173874620003
2021-02-08,26998062,0.33523991692089716,462891,0.00937316527433143
2021-02-09,27094183,0.3270781489890373,466056,0.00918426354281583
2021-02-10,27189056,0.3161764394284971,469306,0.00893037268348523
2021-02-11,27294531,0.30758704303561457,473178,0.00839442900943752
2021-02-12,27393846,0.2945532568218902,478636,0.00921502506331493
2021-02-13,27478106,0.2857195013084233,482000,0.00952134048574963
2021-02-14,27541587,0.27562755628045793,483077,0.00942905592425233
2021-02-15,27596610,0.2593274165027517,484070,0.00917603158662593
2021-02-16,27660668,0.24543577380186932,485773,0.00854260422085573
2021-02-17,27730712,0.2346783401050784,488238,0.00820249445195722
2021-02-18,27802410,0.22004408830369665,490853,0.00765788556086752
2021-02-19,27880277,0.21075150954785585,493467,0.00642569169749512
2021-02-20,27949785,0.20436004545767664,495288,0.00575717020270482
2021-02-21,28004704,0.2006504660419964,496513,0.00582129280881562
2021-02-22,28063986,0.2024957240110903,497963,0.00601929301822532
2021-02-23,28135670,0.2057997712692049,500288,0.00628878126823152
2021-02-24,28209785,0.20756357619810403,503477,0.00660246212515192
2021-02-25,28287553,0.210193469570351,505933,0.00653357364966802
2021-02-26,28365625,0.21028228804503152,508102,0.00634077257048352
2021-02-27,28428104,0.2072368975156206,509660,0.0062268249663812204
2021-02-28,28478755,0.20538774019885783,510784,0.00618306562031912
2021-03-01,28535163,0.2041425485099224,512208,0.00617180083816452
2021-03-02,28592651,0.1979919774535108,513511,0.00572900824731831
2021-03-03,28659180,0.1947052606294802,515872,0.00537026826177951
2021-03-04,28726349,0.19011312885807224,517816,0.00514843870550431
2021-03-05,28791835,0.18466010777354164,520296,0.00528318283050741
2021-03-06,28848157,0.18199252070716193,521750,0.00523812370188901
2021-03-07,28887916,0.1772734435060887,522426,0.00504402284014821
2021-03-08,28982210,0.19368796414874936,523240,0.00477973372036721
2021-03-09,29037988,0.1929470880916584,525124,0.00503145827543731
2021-03-10,29096168,0.18932979323747548,526597,0.00464672263877251
2021-03-11,29158433,0.18720508201877709,528117,0.00446302003748211
2021-03-12,29222228,0.18647243791787596,529820,0.00412637635540041
2021-03-13,29271623,0.18347123999537923,531690,0.00430661286987401
2021-03-14,29309370,0.18259951916095404,532259,0.00426025395869931
2021-03-15,29366336,0.16642675807376517,533008,0.00423209200331281
2021-03-16,29420651,0.16579289744714287,534251,0.00395437179711671
2021-03-17,29479509,0.1660866483048667,535426,0.00382526006319091
2021-03-18,29539906,0.16527731703314388,536982,0.00384085745386651
2021-03-19,29600197,0.16375917100738546,538492,0.00375723810941121
2021-03-20,29654406,0.16584488874939488,539261,0.00328021791124911
2021-03-21,29688273,0.16416383664324685,539705,0.00322606030473661
2021-03-22,29742690,0.16305945473124395,540353,0.00318230095867451
2021-03-23,29799206,0.16401306186671608,541244,0.00302979313873531
2021-03-24,29878852,0.1730196884601709,542832,0.00320872987065261
2021-03-25,29947883,0.17676046265720233,544099,0.00308351748439571
2021-03-26,30022109,0.18279795263121584,545355,0.00297346922796231
2021-03-27,30082396,0.1854313120902797,546132,0.00297693531477911
2021-03-28,30126634,0.18992466038740877,546619,0.00299556553141941
2021-03-29,30196774,0.19673682076497703,547304,0.0030115961829471102
2021-03-30,30258560,0.1990201054555441,548251,0.00303585879066471
2021-03-31,30326324,0.19387210001089183,549385,0.0028391583638113
2021-04-01,30403149,0.1972489350921593,550337,0.0027026811953998
2021-04-02,30471226,0.19458481411259637,551288,0.0025705366355093
2021-04-03,30534566,0.1959075594940577,552036,0.0025579720707984
2021-04-04,30570754,0.19241980963465263,552308,0.0024648209875969
2021-04-05,30646877,0.19501200931276697,552833,0.0023954992512609
2021-04-06,30708658,0.1950098430085065,553737,0.0023768690346206
2021-04-07,30781533,0.1972242392235896,556305,0.00299816509653201
2021-04-08,30861517,0.19859291025537348,557305,0.00301896161743281
2021-04-09,30942015,0.20397444329930764,558246,0.00301462900891181
2021-04-10,31005331,0.2039640450388572,558944,0.00299296596630681
2021-04-11,31052309,0.20863892963301625,559243,0.00300466400931351
2021-04-12,31123107,0.20633181559558372,559707,0.00297823509733541
2021-04-13,31199337,0.21259200164757663,560683,0.00300942987868661
2021-04-14,31274095,0.21340783183208092,561606,0.0022967157769821
2021-04-15,31347296,0.21046902347228663,562515,0.002257289039441
2021-04-16,31424540,0.2090591926595532,563447,0.0022533896917721
2021-04-17,31476773,0.2042573626357289,564115,0.0022403918662091
2021-04-18,31517038,0.2013488825355816,564467,0.0022633546913704
2021-04-19,31585927,0.2005217875689227,564944,0.0022689870824477
2021-04-20,31645855,0.19345876915798849,565770,0.0022039979546327
2021-04-21,31707782,0.18789959916469337,566599,0.0021632714345353
2021-04-22,31773467,0.18464321060030975,567496,0.0021580723043101
2021-04-23,31836077,0.17830287129067834,568361,0.0021290438272194
2021-04-24,31885477,0.177075443296679,569069,0.0021463742613034
2021-04-25,31918055,0.1737449671265863,569350,0.0021156127408043
2021-04-26,31964616,0.16407111882089748,569828,0.0021160460016564
2021-04-27,32015643,0.16021466397635536,570527,0.0020610218734397
2021-04-28,32070122,0.15698773714991454,571455,0.0021039146977976
2021-04-29,32127386,0.15333924751438044,572318,0.0020891838288262
2021-04-30,32185100,0.15121800238249883,573171,0.002083984698601
2021-05-01,32229325,0.1489758774728813,573879,0.002083984698601
2021-05-02,32258322,0.1474243703615112,574188,0.0020961160024598
2021-05-03,32307791,0.14868429291941804,574645,0.0020870175245657
2021-05-04,32348249,0.1441051589735731,575540,0.0021719366515773
2021-05-05,32392758,0.1397855482781361,576301,0.0020995820892766
2021-05-06,32440307,0.13557641909998458,577121,0.0020809518726363
2021-05-07,32487274,0.13092016472246584,577926,0.0020601553517355
2021-05-08,32520351,0.12609017274325504,578518,0.0020098970928919
2021-05-09,32542294,0.12303395069254162,578759,0.0019804353549491
2021-05-10,32578548,0.1173084085320401,579127,0.0019418751391122
2021-05-11,32612405,0.114448453647328,579810,0.001850023838467
2021-05-12,32647805,0.11050188054554907,580647,0.0018829516632266
2021-05-13,32686135,0.10650764875003918,581410,0.0018582557946569
2021-05-14,32726766,0.10376250799113355,582133,0.0018227284047847
2021-05-15,32755576,0.10191378393522284,582682,0.0018040981881444
2021-05-16,32772056,0.09954687990020054,582970,0.0018244614481931
2021-05-17,32800943,0.09635504720277983,583351,0.0018300938392704
2021-05-18,32828680,0.09370349078792783,584211,0.0019067810100921
2021-05-19,32857439,0.09082620546913173,584879,0.0018335599260872
2021-05-20,32886968,0.0870130767097996,585524,0.0017824351455394
2021-05-21,32923566,0.08526573569328029,586215,0.0017685707982722
2021-05-22,32933819,0.07722571406086057,586689,0.0017360762343647
2021-05-23,32947814,0.07614906084339206,586877,0.0016927501491547
2021-05-24,32973128,0.07460101981883875,587292,0.0017074810181261
2021-05-25,32995878,0.07244034794941606,587986,0.0016355597166775
2021-05-26,33019235,0.07009987282637184,588949,0.001763371668047
2021-05-27,33046848,0.06926974503374823,590284,0.002062321655996
2021-05-28,33068687,0.06287524811760431,591037,0.0020891838288262
2021-05-29,33080117,0.06338519614052603,591372,0.0020289605703843
2021-05-30,33087465,0.06050531125661732,591501,0.0020033981801104
2021-05-31,33092857,0.05187388856108108,591650,0.0018881507934518
2021-06-01,33115320,0.05174954269652838,592167,0.0018114636226301
2021-06-02,33132103,0.04890128585482297,592756,0.0016494240639447
2021-06-03,33151540,0.04535894512805336,593369,0.0013366097287285
2021-06-04,33127456,0.02546230701706499,593505,0.0010692877829828
2021-06-05,33137828,0.02500391703554318,593879,0.0010861849562147
2021-06-06,33143926,0.02446234097041818,594129,0.0011386095193188
2021-06-07,33163260,0.0305028637703964,594464,0.0012191960378094
2021-06-08,33177328,0.02686563891701689,594836,0.0011563732142549
2021-06-09,33197929,0.02851982885033469,595406,0.001148141258065
2021-06-10,33213674,0.02692022978438149,595865,0.0010814190868416
2021-06-11,33230393,0.04459857233261785,596378,0.0012447584280833
2021-06-12,33238603,0.04366186237037765,596547,0.0011559399534028
2021-06-13,33245349,0.04394261540253845,596642,0.0010887845213273
2021-06-14,33260389,0.04208219330362105,596852,0.0010346269148148
2021-06-15,33272213,0.04110995595150864,597297,0.0010662549570181
2021-06-16,33286591,0.03841377366889033,597718,0.0010016990900552
2021-06-17,33298721,0.03684753568854883,598005,9.271782234940032e-4
2021-06-18,33311327,0.03506553380386152,598474,9.081147460016032e-4
2021-06-19,33318820,0.03475488577290582,598643,9.081147460016032e-4
2021-06-20,33322839,0.03357338342922911,598732,9.055151808890032e-4
2021-06-21,33338610,0.03389009711211421,599020,9.393095273528032e-4
2021-06-22,33351316,0.03427223318366642,599449,9.323773537192032e-4
2021-06-23,33365342,0.03411972536372722,599847,9.224123541209032e-4
2021-06-24,33380010,0.03521934140635702,600201,9.514408312116034e-4
2021-06-25,33394831,0.03617901419375852,600658,9.462417009864034e-4
2021-06-26,33401584,0.03585840116320452,600783,9.271782234940032e-4
2021-06-27,33405624,0.03586749964109862,600879,9.302110494587032e-4
2021-06-28,33421099,0.03573925442887703,601038,8.743203995378031e-4
2021-06-29,33436793,0.03703383785495183,601417,8.526573569328031e-4
2021-06-30,33452756,0.03787306412546953,601738,8.192962713211029e-4
2021-07-01,33517637,0.0596283912919669,601985,7.729373601464027e-4
2021-07-02,33538018,0.06203732162964291,602250,6.897512765432025e-4
2021-07-03,33541942,0.06081162667905202,602334,6.719875816071023e-4
2021-07-04,33544808,0.06030297843868661,602371,6.464251913332022e-4
2021-07-05,33549328,0.0555566058039311,602412,5.95300410785402e-4
2021-07-06,33576232,0.0604134599559721,602729,5.684382379552021e-4
2021-07-07,33606402,0.06656879688175683,603049,5.68004977103102e-4
2021-07-08,33655598,0.05977310041656831,603414,6.191297576509021e-4
2021-07-09,33690813,0.06620009189661973,603820,6.802195377970023e-4
2021-07-10,33698460,0.06781312204898803,603907,6.815193203533024e-4
2021-07-11,33703917,0.06893570091677913,603937,6.784864943886024e-4
2021-07-12,33739110,0.0822251110332425,604209,7.785697512237027e-4
2021-07-13,33781970,0.08913822118935012,604640,8.279614883631029e-4
2021-07-14,33819930,0.09251332322720912,605033,8.59589530566403e-4
2021-07-15,33855805,0.086741855416385,605367,8.461584441513029e-4
2021-07-16,33907841,0.09402973620955912,605723,8.244954015463029e-4
2021-07-17,33920087,0.09602230286836703,605806,8.227623581379028e-4
2021-07-18,33928929,0.09748889085272552,605842,8.253619232505029e-4
2021-07-19,33987805,0.10774980761300988,606072,8.07164967462303e-4
2021-07-20,34049691,0.11599302858506452,606371,7.499745349851026e-4
2021-07-21,34109658,0.12552780015722922,606765,7.504077958372026e-4
2021-07-22,34174897,0.13825007181829368,607123,7.608060562876027e-4
2021-07-23,34256904,0.15123533281658283,607565,7.980664895682029e-4
2021-07-24,34278127,0.15512471548588455,607666,8.058651849060028e-4
2021-07-25,34291551,0.15710991671020674,607714,8.110643151312028e-4
2021-07-26,34384264,0.1717701641627145,607973,8.236288798421028e-4
2021-07-27,34490953,0.19118155011935087,608456,9.033488766285032e-4
2021-07-28,34575736,0.20193335142506452,608956,9.492745269511034e-4
2021-07-29,34673431,0.21599526564082216,609345,9.627056133662032e-4
2021-07-30,34795550,0.2333742249402574,610015,0.001061489087645
2021-07-31,34824512,0.23672723067465937,610157,0.0010792527825811
2021-08-01,34846637,0.24049703334878145,610220,0.0010857516953626
2021-08-02,34982002,0.2589764752125507,610676,0.0011711040832263
2021-08-03,35132081,0.2777756635851698,611339,0.0012490910366043
2021-08-04,35243989,0.28952786419838233,612060,0.0013448416849184
2021-08-05,35369610,0.3016271067541269,612628,0.0014223953774443
2021-08-06,35536869,0.32118450161792106,613473,0.0014982160265618
2021-08-07,35578511,0.326678249222549,613673,0.0015233451559836
2021-08-08,35613687,0.3323327366033062,613799,0.0015506405896659
2021-08-09,35791469,0.3507103621668319,614517,0.0016641549329161
2021-08-10,35953103,0.35571669131284744,615556,0.0018270610133057
2021-08-11,36108065,0.3743703040391609,615888,0.0016585225418388
2021-08-12,36245462,0.3794723838334905,616893,0.0018478575342065
2021-08-13,36431381,0.3875570313336766,617971,0.0019488073127458
2021-08-14,36480205,0.3906687107734588,618206,0.0019639714425693
2021-08-15,36522764,0.3938674756445131,618379,0.001984334702618
2021-08-16,36781436,0.42891394597088217,619390,0.0021112801322833
2021-08-17,36925307,0.42121793345502984,620371,0.0020861510028615
2021-08-18,37089742,0.4253222135069732,621488,0.00242626077176
2021-08-19,37249046,0.43481365899392793,623206,0.0027351757593073
2021-08-20,37446902,0.43998549378544566,624725,0.00292624379508341
2021-08-21,37524323,0.4523754543729494,625184,0.00302329422595381
2021-08-22,37563880,0.45107480529494515,625355,0.00302242770424961
2021-08-23,37829094,0.4539091977893834,626709,0.00317103617651991
2021-08-24,37978858,0.4564624039908087,628095,0.00334650682162041
2021-08-25,38148731,0.45881847650452856,629545,0.00349078268536971
2021-08-26,38335209,0.470591906899494,631750,0.00370178072034241
2021-08-27,38529871,0.4692080717378865,633504,0.00380359702058591
2021-08-28,38614306,0.4722469633545159,634052,0.00384215723642281
2021-08-29,38655772,0.4730740583211748,634329,0.00388808288674541
2021-08-30,38935224,0.4792428263333746,636048,0.00404622309776191
2021-08-31,39094929,0.4835498724641008,637453,0.00405445505395181
2021-09-01,39305143,0.5010280484986669,639370,0.00425678787188251
2021-09-02,39480070,0.4960234523960598,642297,0.00456960220709871
2021-09-03,39670440,0.49416389681884665,644261,0.00466058698603971
2021-09-04,39735563,0.4857967632430914,644778,0.00464715589962461
2021-09-05,39779296,0.48677896559480216,645143,0.00468528285460941
2021-09-06,39855766,0.3988348113138396,645654,0.00416190374527261
2021-09-07,40156535,0.4599523201544742,647868,0.00451241177462151
2021-09-08,40340005,0.4483651919259118,650047,0.00462592611787171
2021-09-09,40510213,0.44632063396485183,653261,0.00475027198242441
2021-09-10,40685317,0.43970647379669325,655656,0.00493700740967951
2021-09-11,40758811,0.4433333003896223,656336,0.00500762892857181
2021-09-12,40797755,0.4412584141689155,656631,0.00497730066892481
2021-09-13,41082232,0.5313797042316805,658339,0.00549591390888851
2021-09-14,41234649,0.46710459030094104,660968,0.00567571716251002
2021-09-15,41404517,0.46121137619067687,663533,0.00584295585142062
2021-09-16,41558802,0.4543125636426885,666939,0.00592614193502382
2021-09-17,41724699,0.4503235309774038,669500,0.00599806323647242
2021-09-18,41792555,0.447880806293264,670316,0.00605698671235802
2021-09-19,41832222,0.44819405388933226,670616,0.00605915301661852
2021-09-20,42039850,0.4148983906662992,672864,0.00629311387675252
2021-09-21,42169558,0.4050594699759603,675213,0.00617180083816452
2021-09-22,42316621,0.39517895624381977,677985,0.00626148583454922
2021-09-23,42444089,0.383560199973054,681133,0.00614970453470742
2021-09-24,42583675,0.3721606736934509,683874,0.00622769148808542
2021-09-25,42634946,0.3649750424613724,684493,0.00614233910022172
2021-09-26,42668956,0.3625240858210426,684790,0.00614103931766542
2021-09-27,42863184,0.3567183904029026,687161,0.00619433040247372
2021-09-28,42976492,0.3496129124284626,689471,0.00617743322924182
2021-09-29,43104711,0.3414485449314902,691979,0.00606305236428742
2021-09-30,43220229,0.3362710777488952,694716,0.00588498215407432
2021-10-01,43345717,0.33016296625598934,697156,0.00575457063759222
2021-10-02,43389793,0.32704565442512984,697796,0.00576366911548632
2021-10-03,43415426,0.32341622826708816,698044,0.00574243933373342
2021-10-04,43587667,0.3138901219119654,700071,0.00559339760061101
2021-10-05,43686208,0.30749215890900466,702092,0.00546818521435411
2021-10-06,43811669,0.30629722547891286,704613,0.00547381760543141
2021-10-07,43916680,0.30174495370589816,707055,0.00534600565406191
2021-10-08,44029330,0.2961827508866383,709492,0.00534470587150561
2021-10-09,44066547,0.29321101470208444,710003,0.00528881522158471
2021-10-10,44089586,0.29208713605173703,710482,0.00538889847841981
2021-10-11,44212740,0.27081966060470425,711640,0.00501239479794491
2021-10-12,44324118,0.27638143016311195,714161,0.00522902522399491
2021-10-13,44430336,0.2680441915861516,716390,0.00510251305518171
2021-10-14,44519129,0.2610175670867938,718427,0.00492704241008121
2021-10-15,44617360,0.2547703788603639,720598,0.00481179502342261
2021-10-16,44650793,0.25313091979601754,720983,0.00475720415605801
2021-10-17,44672805,0.2526859609009108,721165,0.00462852568298431
2021-10-18,44794461,0.252036936144465,723033,0.00493614088797531
2021-10-19,44877961,0.23995849010962111,725165,0.00476760241650841
2021-10-20,44964442,0.23140722067172345,728167,0.00510251305518171
2021-10-21,45046044,0.2282916418842723,730041,0.00503189153628941
2021-10-22,45133088,0.22344475273182957,732171,0.00501412784135331
2021-10-23,45162782,0.22182479040582767,732619,0.00504142327503561
2021-10-24,45179745,0.2196372563635748,732766,0.00502625914521211
2021-10-25,45285031,0.21254477621469772,734177,0.00482825893580241
2021-10-26,45372283,0.21417037093177693,735908,0.00465452133411031
2021-10-27,45466615,0.21757190188161404,737917,0.00422429330797501
2021-10-28,45552546,0.21944748811035497,739694,0.00418226700532131
2021-10-29,45640968,0.22004452156454876,741710,0.00413287526818191
2021-10-30,45670259,0.21986991744115247,742031,0.00407785113996521
2021-10-31,45688974,0.22062899045403167,742186,0.00408131722678201
2021-11-01,45813410,0.22892593577174672,743333,0.00396693636182761
2021-11-02,45890311,0.2244412526916596,744849,0.00387378527862611
2021-11-03,45974893,0.22021695938368455,746723,0.00381529506359261
2021-11-04,46057720,0.2188721176987662,747839,0.00352890964035451
2021-11-05,46149246,0.22021695938368455,750160,0.00366105420024501
2021-11-06,46181037,0.22130011151393456,750557,0.00369398202500461
2021-11-07,46202883,0.2226566512418597,750688,0.00368358376455421
2021-11-08,46329199,0.2234711816438077,751907,0.00371477854590541
2021-11-09,46412692,0.2263272371808509,753616,0.00379839789036071
2021-11-10,46510878,0.2322213178128193,755248,0.00369354876415251
2021-11-11,46575314,0.22425321748184815,755965,0.0035206776841646102
2021-11-12,46704474,0.24055855638977963,758022,0.00340629681921021
2021-11-13,46765612,0.2532734626163584,758489,0.00343662507885721
2021-11-14,46789078,0.25397534519676035,758631,0.00344139094823031
2021-11-15,46937565,0.2635811715486695,759822,0.00342925964437151
2021-11-16,47027948,0.26656633881963854,761265,0.00331401225771291
2021-11-17,47142098,0.27348291506256295,762882,0.00330751334493141
2021-11-18,47252142,0.2932430760051398,766211,0.00443919069061661
2021-11-19,47371559,0.28902181552312955,768200,0.00440972895267381
2021-11-20,47412398,0.2802270534863516,768524,0.00434777265082351
2021-11-21,47443628,0.28359089074205596,768646,0.00433910743378151
2021-11-22,47602440,0.28806430903998853,769788,0.00431787765202861
2021-11-23,47695142,0.2890690409560084,771264,0.00433217526014791
2021-11-24,47814778,0.291445909990629,772898,0.00433954069463361
2021-11-25,47845449,0.2570566963768956,773275,0.00306055465923441
2021-11-26,47896832,0.22758022756512408,773819,0.0024344927279499
2021-11-27,47921436,0.2205462376312806,774009,0.0023764357737685
2021-11-28,47945339,0.21737173536794388,774129,0.0023755692520643
2021-11-29,48161554,0.24224220806104024,776003,0.0026927161958015
2021-11-30,48270624,0.2493338216882131,777560,0.0027278103248216
2021-12-01,48409779,0.257790640260353,779525,0.00287121966686671
2021-12-02,48548061,0.30441427381568625,780878,0.00329408225851631
2021-12-03,48701085,0.34845134008398254,783038,0.00399423179550991
2021-12-04,48759073,0.3629153203704889,783528,0.00412421005113991
2021-12-05,48793491,0.3674710582303205,783688,0.00414154048522391
2021-12-06,48990744,0.3592555659528002,785029,0.00391061245105461
2021-12-07,49104695,0.3613703121719003,786802,0.00400419679510821
2021-12-08,49253570,0.3655816076543124,788681,0.00396693636182761
2021-12-09,49376572,0.3589613818342244,789974,0.00394094071070161
2021-12-10,49541456,0.3640998555401304,792077,0.00391624484213191
2021-12-11,49592801,0.36122170369963,792493,0.00388418353907651
2021-12-12,49628629,0.36183260150109103,792685,0.00389804788634371
2021-12-13,49831488,0.3642614618379637,793973,0.00387508506118241
2021-12-14,49948054,0.3653944389662051,795707,0.00385818788795051
2021-12-15,50093052,0.3637146866426134,797797,0.00394960592774361
2021-12-16,50238803,0.3735709377670364,798958,0.00389241549526641
2021-12-17,50408745,0.37576237115695815,801053,0.00388894940844961
2021-12-18,50481599,0.3850813788247771,801521,0.00391147897275881
2021-12-19,50551269,0.3997437925815454,801682,0.00389804788634371
2021-12-20,50851591,0.4419706950097679,803100,0.00395437179711671
2021-12-21,51040139,0.4731576776656302,805187,0.00410731287790801
2021-12-22,51280498,0.5144738657827385,807273,0.00410557983449961
2021-12-23,51539892,0.5637109287979388,810556,0.00502495936265581
2021-12-24,51723817,0.5697692152928532,811558,0.00455140525131051
2021-12-25,51764911,0.5560088506301571,811654,0.00439023221432931
2021-12-26,51948005,0.6051510295187478,811733,0.00435470482445711
2021-12-27,52489476,0.7096314507418109,813473,0.00449421481883331
2021-12-28,52868208,0.7920307326375977,815968,0.00467098524649011
2021-12-29,53348904,0.8961593460487557,818064,0.00467531785501111
2021-12-30,53918862,1.0307145693203408,819470,0.00386208723561941
2021-12-31,54350565,1.1380670767319747,820658,0.00394267375411001
2022-01-01,54511593,1.1900297837677365,820927,0.00401762788152331
2022-01-02,54772122,1.2235793378501,821154,0.00408175048763411
2022-01-03,55785074,1.4278535976590607,822799,0.00404059070668461
2022-01-04,56668612,1.646566275364254,825157,0.00398123396994691
2022-01-05,57364371,1.7397446539994368,827276,0.00399119896954521
2022-01-06,58108255,1.8150999809617816,829234,0.00423035895990441
2022-01-07,58995340,2.0123991743127845,831897,0.00486941871675191
2022-01-08,59434926,2.1330874507520563,832583,0.00505008849207761
2022-01-09,59740695,2.152688171701061,832971,0.00511984348926571
2022-01-10,61167307,2.3319108557807473,834655,0.00513674066249761
2022-01-11,61934908,2.2816798923708297,837314,0.00526715217897971
2022-01-12,62806255,2.3577552988693644,840047,0.00553317434216911
2022-01-13,63661126,2.4058416210613873,842278,0.00565145455479242
2022-01-14,64580619,2.4198827387562445,845241,0.00578143281042242
2022-01-15,64995034,2.408977129848035,846219,0.00590794497923562
2022-01-16,65326971,2.420314699825788,846611,0.00590967802264402
2022-01-17,66032612,2.1079461900263983,847376,0.00551151129956411
2022-01-18,67210333,2.2856351306896503,850336,0.00564192281604621
2022-01-19,68056471,2.2747130578690613,853689,0.00591054454434822
2022-01-20,68799534,2.2262710285174645,856331,0.00608861475456132
2022-01-21,69619876,2.1833127817708973,860159,0.00646338539162782
2022-01-22,69951353,2.1473789932194274,861050,0.00642569169749512
2022-01-23,70147082,2.0883653990765905,861598,0.00649328039042272
2022-01-24,71174431,2.227748881283978,863762,0.00709941232251062
2022-01-25,71684925,1.9386655427198496,866707,0.00709291340972912
2022-01-26,72363566,1.866095649775656,870575,0.00731604274856062
2022-01-27,72891169,1.7727452665821894,873645,0.00750147839325942
2022-01-28,73442549,1.656214561279669,877486,0.00750711078433672
2022-01-29,73683243,1.616881841343475,878764,0.00767478273409942
2022-01-30,73784897,1.576122826682167,879108,0.00758639752027102
2022-01-31,74445396,1.4171810830892813,881673,0.00776013512196312
2022-02-01,74741143,1.3241396148833624,885243,0.00803092315452562
2022-02-02,75063118,1.1696101998082635,888848,0.00791697555042332
2022-02-03,75373233,1.0753811636067383,891848,0.00788664729077632
2022-02-04,75684543,0.9713682308430908,895807,0.00793777207132412
2022-02-05,75807361,0.9202971746409512,896661,0.00775406947003372
2022-02-06,75861569,0.8997406802522143,897034,0.00776663403474462
2022-02-07,76208697,0.7639692937687848,899770,0.00784072164045372
2022-02-08,76402006,0.7195869186013648,903111,0.00774150490532282
2022-02-09,76627663,0.6778560998487969,906657,0.00771594251504892
2022-02-10,76799922,0.618128491821699,909908,0.00782469098892602
2022-02-11,76966865,0.555579922386578,912692,0.00731560948770852
2022-02-12,77030106,0.5297675406010163,913436,0.00726795079397752
2022-02-13,77063124,0.5205867431450173,913903,0.00730867731407492
2022-02-14,77268949,0.4593656849607308,916486,0.00724238840370362
2022-02-15,77384122,0.42551241502104503,919317,0.00702142536913262
2022-02-16,77523708,0.3882212202199459,922614,0.00691354341695972
2022-02-17,77626774,0.35824260208059044,925795,0.00688321515731272
2022-02-18,77735848,0.3331702298304155,928277,0.00675237037997852
2022-02-19,77780052,0.3249222429889877,928952,0.00672247538118362
2022-02-20,77805189,0.3215077142135876,929361,0.00669734625176182
2022-02-21,77860326,0.25622050293234255,930118,0.00590621193582722
2022-02-22,77982844,0.2594028038910171,932840,0.00585898650294832
2022-02-23,78066998,0.23538628833740985,935862,0.00573983976862082
2022-02-24,78139762,0.22225761799707555,938759,0.00561679368662442
2022-02-25,78224445,0.21168995255350445,941559,0.00575457063759222
2022-02-26,78249128,0.2032322674596603,942121,0.00570561216130492
2022-02-27,78257706,0.1960579010097364,942312,0.00561116129554712
2022-02-28,78364889,0.21860739531813303,944277,0.00613454040488392
2022-03-01,78408496,0.18441834821806985,946206,0.00579096454916862
2022-03-02,78466275,0.1729910932439323,948546,0.00549548064803641
2022-03-03,78516942,0.16341732819507857,950419,0.00505182153548601
2022-03-04,78566144,0.1480447999017184,952309,0.00465755416007501
2022-03-05,78582250,0.1443287215732567,952613,0.00454577286023321
2022-03-06,78588626,0.1433746811769325,952824,0.00455443807727521
2022-03-07,78651484,0.12417039390759992,954509,0.00443312503868721
2022-03-08,78685013,0.11980399104013612,956076,0.00427628461022701
2022-03-09,78732261,0.115241321006671,957884,0.00404578983690981
2022-03-10,78769978,0.10963059297197598,959439,0.00390801288594201
2022-03-11,78813863,0.10732694502136028,961121,0.00381789462870521
2022-03-12,78824555,0.10498127076809088,961591,0.00388981593015381
2022-03-13,78830562,0.10482139751366598,961734,0.00386035419221101
2022-03-14,78879276,0.09869335602156357,959297,0.0020744529598548
2022-03-15,78927374,0.10500553337580848,960817,0.0020540896998061
2022-03-16,78966292,0.10139647047781546,962850,0.0021515733915286
2022-03-17,79001567,0.10033844747698724,964054,0.0019994988324415
2022-03-18,79037539,0.09691005435431992,965097,0.0017226451479496
2022-03-19,79049437,0.09743256694195254,965428,0.0016624218895077
2022-03-20,79056968,0.09809285648055294,965511,0.0016364262383817
2022-03-21,79102354,0.09665096436476411,966470,0.00310778009211331
2022-03-22,79127783,0.08682937410850919,967467,0.00288118466646501
2022-03-23,79173988,0.08998654593776191,968819,0.0025861340261849
2022-03-24,79211130,0.09079544394863262,969799,0.0024890835953145
2022-03-25,79244482,0.08966030051613061,970630,0.0023972322946693
2022-03-26,79255923,0.08946230030672092,970793,0.0023244444715165
2022-03-27,79262383,0.08899827793412181,970843,0.0023101468633972
2022-03-28,79304408,0.08754208821021371,971751,0.0022880505599401
2022-03-29,79329875,0.0875585521225935,972502,0.0021814683903235
2022-03-30,79374070,0.08668769780987251,973706,0.0021173457842127
2022-03-31,79411303,0.0867271245474136,974575,0.0020692538296296
2022-04-01,79443029,0.086022642401899,975220,0.001988667311139
2022-04-02,79453992,0.0858155437145952,975357,0.0019774025289844
2022-04-03,79458271,0.0848706017961651,975393,0.001971336877055
2022-04-04,79498922,0.0842753013853797,976017,0.0018482907950586
2022-04-05,79529650,0.0865546867282778,976478,0.0017226451479496
2022-04-06,79577139,0.0879818479750952,977587,0.0016814853670001
2022-04-07,79611665,0.08680901084846049,978294,0.0016112971089599
2022-04-08,79654870,0.09178241216971642,978836,0.0015666712411936
2022-04-09,79667681,0.09258307822439722,979105,0.0016238616736708
2022-04-10,79674564,0.09371128948326564,979131,0.0016195290651498
2022-04-11,79723417,0.09726489499218983,979560,0.0015350431989903
2022-04-12,79752265,0.09645036459024184,980151,0.0015913671097633
2022-04-13,79804805,0.09863876515419892,981140,0.0015393758075113
2022-04-14,79860297,0.10772251217932756,981752,0.0014982160265618
2022-04-15,79907915,0.1096344923196449,982475,0.0015766362407919
2022-04-16,79918818,0.10880783061383809,982515,0.001477419505661
2022-04-17,79925285,0.10862759409936448,982531,0.00147308689714
2022-04-18,79984151,0.1129658350114418,982848,0.0014245616817048
2022-04-19,80033718,0.12194256660610173,983301,0.001364771684115
2022-04-20,80094241,0.12540128798841604,983910,0.001200132560317
2022-04-21,80149506,0.12530293777498933,984392,0.001143808649544
2022-04-22,80212834,0.13210946576148036,984882,0.0010428588710047
2022-04-23,80227269,0.13363974309109755,984979,0.0010675547395744
2022-04-24,80235603,0.13444864110196827,985007,0.0010727538697996
2022-04-25,80307904,0.1402695006499318,985359,0.0010879179996231
2022-04-26,80361787,0.1421394544875954,985664,0.0010237953935123
2022-04-27,80443190,0.1511859410794434,986332,0.0010493577837862
2022-04-28,80512191,0.15713721214388904,986793,0.0010402593058921
2022-04-29,80588817,0.16289871495511488,987208,0.0010077647419846
2022-04-30,80605946,0.16406591969067227,987291,0.0010016990900552
2022-05-01,80616108,0.16485792052831108,987311,9.982330032384035e-4
2022-05-02,80708924,0.1737462669091426,987688,0.0010090645245409
2022-05-03,80777302,0.18002638296033213,988347,0.0011624388661843
2022-05-04,80874900,0.18704304246009168,990279,0.0017100805832387
2022-05-05,80962160,0.19495395235858556,990962,0.0018062644924049
2022-05-06,81050578,0.2000629643265488,991411,0.0018209953613763
2022-05-07,81075343,0.2033713441931844,991503,0.0018248947090452
2022-05-08,81087108,0.2040658613391007,991521,0.001824028187341
2022-05-09,81191299,0.20899420353173823,991848,0.001802365144736
2022-05-10,81284183,0.21961169397330088,992147,0.00164639123798
2022-05-11,81440432,0.24502287620981805,992705,0.0010510908271946
2022-05-12,81549215,0.2543479495295664,993072,0.00091418039793100315
2022-05-13,81658093,0.2632124665635324,993490,9.007493115159032e-4
2022-05-14,81678836,0.2614698914163862,993533,8.79519529763003e-4
2022-05-15,81690567,0.2614551605474148,993557,8.821190948756029e-4
2022-05-16,81836686,0.27962092155426366,993877,8.790862689109029e-4
2022-05-17,81970085,0.29717448497709525,994222,8.990162681075032e-4
2022-05-18,82134922,0.30089532917493006,994791,9.037821374806032e-4
2022-05-19,82249133,0.3032470690801289,995189,9.172132238957032e-4
2022-05-20,82381732,0.313524449752793,995580,9.055151808890032e-4
2022-05-21,82414036,0.31853337846392116,995684,9.319440928671032e-4
2022-05-22,82431700,0.3211039150994304,995728,9.406093099091034e-4
2022-05-23,82561750,0.3141418464670355,995977,9.098477894100032e-4
2022-05-24,82693129,0.3132666595457935,996519,9.952001772737e-4
2022-05-25,82873389,0.3199488416677318,997310,0.0010913840864399
2022-05-26,82992227,0.3219535396303985,997643,0.0010632221310534
2022-05-27,83125770,0.3223625378747809,998239,0.0011520406057339
2022-05-28,83134208,0.3120223343785623,998262,0.0011169464767138
2022-05-29,83139137,0.30650475742706873,998266,0.0010996160426298
2022-05-30,83168869,0.2630408952661008,998288,0.0010012658292031
2022-05-31,83350151,0.28466191156844717,998666,9.302110494587032e-4
2022-06-01,83566328,0.3002233415933229,999246,8.387930096656028e-4
2022-06-02,83674335,0.2955306933042278,999611,8.526573569328031e-4
2022-06-03,83809360,0.29617278588704005,1000008,7.664384473649026e-4
2022-06-04,83847825,0.30918230949304676,1000193,8.366267054051029e-4
2022-06-05,83859919,0.3122866234983433,1000210,8.42259096482403e-4
2022-06-06,83994196,0.35758187928113794,1000528,9.705043087040034e-4
2022-06-07,84136302,0.34060845213926827,1000989,0.0010064649594283
2022-06-08,84311090,0.3226762187317014,1002021,0.0012022988645775
2022-06-09,84422033,0.3239482725934669,1002356,0.0011893010390145
2022-06-10,84554062,0.32265022308057534,1002725,0.0011771697351557
2022-06-11,84586538,0.32005542383734836,1002843,0.001148141258065
2022-06-12,84601098,0.321123845098627,1002858,0.0011472747363608
2022-06-13,84724031,0.3162089339924046,1003126,0.0011256116937558
2022-06-14,84858880,0.31306475998871486,1003554,0.0011113140856365
2022-06-15,85026088,0.3097806427297969,1004197,9.427756141696032e-4
2022-06-16,85126253,0.30511095726586307,1004526,9.401760490570032e-4
2022-06-17,85238806,0.2966727689103634,1004825,9.098477894100032e-4
2022-06-18,85250692,0.28775192796562443,1004839,8.647886607916031e-4
2022-06-19,85259078,0.28507697546475896,1004860,8.67388225904203e-4
2022-06-20,85311159,0.25437957757176966,1004948,7.894012725262027e-4
2022-06-21,85520014,0.28644348019228244,1005503,8.444254007429029e-4
2022-06-22,85688470,0.2869841897357032,1006267,8.968499638470031e-4
2022-06-23,85799009,0.2914788378153886,1006758,9.670382218872032e-4
2022-06-24,85949862,0.30807272845081873,1007243,0.0010476247403778
2022-06-25,85993292,0.3217395087694611,1007398,0.0011087145205239
2022-06-26,86007870,0.3244222599656643,1007402,0.0011013490860382
2022-06-27,86138446,0.35843107055125395,1007678,0.001182802126233
2022-06-28,86259537,0.32040636512754944,1008206,0.0011711040832263
2022-06-29,86451651,0.33065645036653124,1008882,0.0011329771282415
2022-06-30,86570209,0.33413076913952117,1009324,0.0011117473464886
2022-07-01,86718592,0.3330606148348341,1009838,0.0011243119111995
2022-07-02,86727366,0.3180455267444565,1009850,0.0010623556093492
2022-07-03,86732591,0.3139932379947652,1009851,0.0010610558267929
2022-07-04,86767928,0.27272990770161315,1009913,9.683380044435034e-4
2022-07-05,86948292,0.2984105781881365,1010334,9.219790932688032e-4
2022-07-06,87188133,0.3190888188763133,1011046,9.375764839444034e-4
2022-07-07,87312595,0.3216467909471117,1011517,9.501410486553033e-4
2022-07-08,87467307,0.3243888988800526,1012070,9.670382218872032e-4
2022-07-09,87488394,0.32972363975195995,1012092,9.713708304082034e-4
2022-07-10,87507457,0.3357191034233198,1012098,9.735371346687034e-4
2022-07-11,87680847,0.39553206383828127,1012644,0.0011832353870851
2022-07-12,87864597,0.3969990850834919,1013156,0.0012226621246262
2022-07-13,88052754,0.37460643120355536,1014026,0.001291117339258
2022-07-14,88193914,0.3818410209119213,1014473,0.0012807190788076
2022-07-15,88359057,0.38636036486017633,1014999,0.0012690210358009
2022-07-16,88379498,0.38608047834971976,1015031,0.0012733536443219
2022-07-17,88397526,0.3856320533677962,1015039,0.0012742201660261
2022-07-18,88565425,0.3832530180289151,1015555,0.0012612223404631
2022-07-19,88725630,0.3730518912662206,1016095,0.0012733536443219
2022-07-20,88925610,0.37817433432059894,1016876,0.001234793428485
2022-07-21,89075730,0.38205635155541495,1017419,0.0012763864702866
2022-07-22,89238259,0.38092380768802553,1017989,0.001295449947779
2022-07-23,89259519,0.38127864832589536,1018040,0.0013036819039689
2022-07-24,89277918,0.3814393881020245,1018052,0.0013054149473773
2022-07-25,89443648,0.3804996453138196,1018559,0.0013015155997084
2022-07-26,89607332,0.38200695981827554,1019074,0.0012906840784059
2022-07-27,89831114,0.3923194346199598,1019886,0.001304115164821
2022-07-28,89977366,0.39064358164403695,1020363,0.0012755199485824
2022-07-29,90112457,0.3787557703841172,1020972,0.0012924171218143
2022-07-30,90121314,0.3733820360355208,1020984,0.0012755199485824
2022-07-31,90128702,0.3686114007930477,1020992,0.001273786905174
2022-08-01,90303805,0.372672354759781,1021597,0.0013162464686798
2022-08-02,90411408,0.3483746529131608,1022030,0.0012807190788076
2022-08-03,90624397,0.34369846853644553,1023080,0.0013838351616074
2022-08-04,90784829,0.3498421074192235,1023746,0.0014657214626543
2022-08-05,90913338,0.3469903844907013,1024399,0.0014847849401467
2022-08-06,90920946,0.3464492416864284,1024419,0.0014882510269635
2022-08-07,90926864,0.34581234823384144,1024421,0.0014856514618509
2022-08-08,91070227,0.33206064878818736,1024982,0.0014665879843585
2022-08-09,91198242,0.3409043693012526,1025543,0.0015220453734273
2022-08-10,91369823,0.3229639039374957,1026407,0.0014414588549367
2022-08-11,91503925,0.3115561457017027,1027096,0.001451423854535
2022-08-12,91622100,0.3070788280561013,1027755,0.0014540234196476
2022-08-13,91626129,0.30552818746643534,1027765,0.0014496908111266
2022-08-14,91634667,0.3066633308989374,1027775,0.0014531568979434
2022-08-15,91762360,0.29987413334653035,1028328,0.0014496908111266
2022-08-16,91882159,0.2963144621856767,1028782,0.0014033318999519
2022-08-17,92039030,0.28994119505128574,1029729,0.0014392925506762
2022-08-18,92162426,0.2853027043687031,1030329,0.0014007323348393
2022-08-19,92268450,0.280038151754836,1030850,0.0013409423372495
2022-08-20,92274664,0.28098482671667446,1030870,0.0013452749457705
2022-08-21,92280363,0.2797547991575626,1030875,0.00134310864151
2022-08-22,92399673,0.2761227734344083,1031467,0.0013600058147419
2022-08-23,92504150,0.26948435065853205,1031964,0.0013786360313822
2022-08-24,92675744,0.2758632501840004,1032884,0.0013669379883755
2022-08-25,92783797,0.26921572893023005,1033521,0.0013829686399032
2022-08-26,92883686,0.2665576736025966,1034148,0.0014288942902258
2022-08-27,92890153,0.26666728859817784,1034168,0.0014288942902258
2022-08-28,92896608,0.26699483380236544,1034169,0.0014271612468174
2022-08-29,93007071,0.2631617750438367,1034757,0.001425428203409
2022-08-30,93122759,0.2680190624567298,1035217,0.0014093975518813
2022-08-31,93274865,0.25957567497100503,1036610,0.0016143299349246
2022-09-01,93380789,0.2586532626168841,1037314,0.0016433584120153
2022-09-02,93466765,0.2526253043816168,1037808,0.001585734718686
2022-09-03,93472353,0.25224446809262085,1037819,0.0015818353710171
2022-09-04,93476478,0.25123497030722786,1037819,0.001581402110165
2022-09-05,93493938,0.2109404112793714,1037872,0.0013496075542915
2022-09-06,93619759,0.2153306434937007,1038492,0.0014189292906275
2022-09-07,93762215,0.21114967627093573,1039314,0.0011715373440784
2022-09-08,93848834,0.20278557552114523,1039979,0.0011546401708465
2022-09-09,93920552,0.19660814229190335,1040500,0.0011663382138532
2022-09-10,93923779,0.19558521342009527,1040521,0.0011706708223742
2022-09-11,93931827,0.1972848957428836,1040539,0.001178469517712
2022-09-12,94018261,0.22716862975562907,1041107,0.0014015988565435
2022-09-13,94079547,0.19920814066535547,1041583,0.0013392092938411
2022-09-14,94193842,0.18700708180936737,1042496,0.0013786360313822
2022-09-15,94286344,0.1895559554022717,1043110,0.0013565397279251
2022-09-16,94343935,0.18343527934465495,1043555,0.0013236119031655
2022-09-17,94350264,0.1847792545078691,1043572,0.0013218788597571
2022-09-18,94355211,0.18343571260550703,1043577,0.0013162464686798
2022-09-19,94422543,0.1751595638086928,1044084,0.0012898175567017
2022-09-20,94474042,0.1709192398491901,1044488,0.0012586227753505
2022-09-21,94581354,0.16789377931897578,1045400,0.0012581895144984
2022-09-22,94674636,0.1682317227836138,1045907,0.0012118306033237
2022-09-23,94718846,0.1624342593216637,1046353,0.0012122638641758
2022-09-24,94725181,0.16243685888677625,1046382,0.001217462994401
2022-09-25,94730394,0.1625521062734349,1046382,0.0012152966901405
2022-09-26,94788319,0.15847642143773016,1046786,0.0011706708223742
2022-09-27,94830128,0.15427812378088115,1047224,0.0011854016913456
2022-09-28,94929826,0.1509792756529917,1048532,0.0013569729887772
2022-09-29,95011303,0.14586463129395122,1049161,0.0014098308127334
2022-09-30,95049606,0.1433053594405965,1049539,0.0013803690747906
2022-10-01,95055259,0.1430098755394643,1049563,0.0013782027705301
2022-10-02,95060523,0.1430319718429214,1049563,0.0013782027705301
2022-10-03,95107907,0.1384649692009353,1049842,0.0013240451640176
2022-10-04,95143457,0.13575318952764137,1050317,0.0013400758155453
2022-10-05,95223273,0.12713909726618916,1051419,0.0012508240800127
2022-10-06,95296114,0.12339745654745354,1052116,0.0012802858179555
2022-10-07,95329934,0.12145514814748924,1052432,0.0012534236451253
2022-10-08,95322174,0.1156438203382719,1052376,0.0012187627769573
2022-10-09,95327469,0.115657251424687,1052377,0.0012191960378094
2022-10-10,95351269,0.10543922748876056,1052540,0.0011689377789658
2022-10-11,95392198,0.10776973761220648,1053131,0.0012191960378094
2022-10-12,95465233,0.10483179577411636,1053914,0.0010809858259895
2022-10-13,95539905,0.10562509639431147,1054540,0.0010502243054904
2022-10-14,95568403,0.10331928213943524,1054925,0.0010801193042853
2022-10-15,95571179,0.10788411847716088,1054938,0.0011100143030802
2022-10-16,95576289,0.10780396521952236,1054949,0.0011143469116012
2022-10-17,95622939,0.1177039756900074,1055307,0.0011988327777607
2022-10-18,95650904,0.11208718200338298,1055682,0.0011052484337071
2022-10-19,95718405,0.10968951644786158,1056384,0.001070154304687
2022-10-20,95779503,0.10380843364145616,1056913,0.0010281280020333
2022-10-21,95813461,0.10617403789392216,1057538,0.0011321106065373
2022-10-22,95816037,0.10608738572350215,1057548,0.001130810823981
2022-10-23,95818310,0.10485822468609449,1057548,0.0011260449546079
2022-10-24,95857425,0.10159360416552096,1057780,0.0010714540872433
2022-10-25,95882650,0.10040646943076696,1058153,0.0010705875655391
2022-10-26,95962480,0.10574814247630789,1059275,0.0012525571234211
2022-10-27,96029928,0.10849934888714288,1059858,0.0012759532094345
2022-10-28,96061826,0.10760683153181684,1060090,0.0011056816945592
2022-10-29,96064611,0.10769738304990575,1060107,0.0011087145205239
2022-10-30,96067401,0.10792137891044148,1060107,0.0011087145205239
2022-10-31,96112922,0.11069684792899408,1060288,0.0010866182170668
2022-11-01,96142232,0.11246671850982258,1060627,0.0010718873480954
2022-11-02,96217135,0.1103320422915259,1061498,9.631388742183034e-4
2022-11-03,96293811,0.1143301734347047,1062051,9.501410486553033e-4
2022-11-04,96341880,0.1213364346740138,1062535,0.0010593227833845
2022-11-05,96344297,0.12117699468044102,1062553,0.0010597560442366
2022-11-06,96349975,0.12242825202130582,1062555,0.0010606225659408
2022-11-07,96388643,0.1194591154018645,1062692,0.0010415590884484
2022-11-08,96409277,0.11570014424904489,1062903,9.861016993796034e-4
2022-11-09,96502038,0.12343731654584672,1063818,0.001005165176872
2022-11-10,96588412,0.12763908028951257,1064393,0.0010146969156182
2022-11-11,96598449,0.11116130356244527,1077108,0.00631391039765332
2022-11-12,96600216,0.1108796840085803,1077108,0.00630611170231552
2022-11-13,96602170,0.10926622059535988,1077108,0.00630524518061132
2022-11-14,96652064,0.1141300069210345,1077280,0.00632040931043482
2022-11-15,96685028,0.11947211322742753,1077577,0.00635766974371542
2022-11-16,96761495,0.1124125609033101,1078078,0.00617829975094602
2022-11-17,96844511,0.11095767096195829,1078500,0.00611201084057472
2022-11-18,96894033,0.12806497570712683,1079013,8.253619232505029e-4
2022-11-19,96896214,0.12824434569989623,1079016,8.266617058068029e-4
2022-11-20,96898333,0.12831583374049274,1079016,8.266617058068029e-4
2022-11-21,96941982,0.12561011971912822,1079178,8.223290972858029e-4
2022-11-22,96978088,0.12697142531642644,1079616,8.83418877431903e-4
2022-11-23,97087750,0.141353519301886,1080580,0.0010840186519542
2022-11-24,97122385,0.12039192601643584,1080717,9.605393091057032e-4
2022-11-25,97148103,0.11007858469304736,1080936,8.331606185883029e-4
2022-11-26,97149293,0.10964922318861628,1080936,8.318608360320029e-4
2022-11-27,97154086,0.11080776270713168,1080950,8.37926487961403e-4
2022-11-28,97212015,0.1169947276751197,1081139,8.49624530968103e-4
2022-11-29,97259194,0.12179222509042303,1081447,7.933006201951028e-4
2022-11-30,97368637,0.12169734096381311,1081897,5.706045422157021e-4
2022-12-01,97467259,0.1494204031071359,1082579,8.067317066102028e-4
2022-12-02,97536320,0.16819922821970626,1082986,8.88184746805003e-4
2022-12-03,97539725,0.1691589010071078,1082997,8.929506161781031e-4
2022-12-04,97542653,0.1683508695179413,1082997,8.868849642487032e-4
2022-12-05,97595790,0.16627468351467808,1083181,8.84718659988203e-4
2022-12-06,97643655,0.16657190045921869,1083646,9.527406137679032e-4
2022-12-07,97792244,0.18353232977552536,1084575,0.0011602725619238
2022-12-08,97939478,0.2045940063178106,1086065,0.0015103473304206
2022-12-09,97971215,0.18842297827403015,1086349,0.0014570562456123
2022-12-10,97974544,0.18839005044927057,1086357,0.001455756463056
2022-12-11,97978332,0.18876265478207657,1086357,0.001455756463056
2022-12-12,98031651,0.1888415082571588,1086542,0.0014561897239081
2022-12-13,98080592,0.1893076969340184,1087003,0.0014544566804997
